ASIN,SKU,Count
B07Y5L9WLP,NT15511A,1
B07RF7P3FK,NT12780A,2
B00XHKBE7S,NT10260A,3
B09KDTYQY9,NT18201A,4
B0C8KZS6QS,NT7449,5
B0BNKJXK9V,NT16371X,6
B0BSXWRDNQ,NT30081A,7
B00XHKCATO,NT801A,8
B0BMJBPWNX,NT18961A,9
B099V8HSQF,NT18131A,10
B07Y5BXN97,NT15541A,11
B09TRY3PQH,NT18661A,12
B09TTRCCWQ,NT18654,13
B00XHKCABC,NT2110A,14
B01B30BNA6,SD1571,15
B0CT65DB4R,SD10941,16
B08F2QK91L,NT16291A,17
B09TS27BRZ,NT18651,18
B08HX8C68V,SD4383,19
B00X5ZR0DW,NT1511A,20
B01B30BMJ8,SD2251,21
B06XQ5KVGF,NT11164,22
B00XHKAK7S,NT4210,23
B07X27K2H4,NT2911A,24
B08PMRK4J1,NT17141A,25
B00XHK8QLK,NT3731,26
B00XHKA730,NT791A,27
B06WWRD193,NT11231A,28
B08F2SJ4FY,NT16301A,29
B08F2TY6SQ,NT16101A,30
B07X4BD6GL,NT4196A,31
B07C35CQDP,NT40185A,32
B08PMYZXY6,NT16881A,33
B06X9NB5LL,NT11251A,34
B07X3764D9,NT4930A,35
B011NLNFSI,SD1303,36
B0773GS3W4,NT3580A,37
B08ZJ7T47C,SD1490,38
B00XHKBM5M,NT944,39
B06X6HLK15,NT1072A,40
B0CGMFDWLB,NT2846,41
B01GGAHCYE,NT5531,42
B07ZWJ6ZXN,NT531B,43
B00ZFOS9JA,SD780,44
B08PW554FZ,NT16601,45
B01B30B7CU,SD1340,46
B011NLNE16,SD1320,47
B0C514MTNG,NT4192A,48
B09HVCYMBZ,NT15010A,49
B06XTCSFPS,NT10072A,50
B08PW3848X,NT15522A,51
B07X2747KB,NT39104A,52
B07X13831W,NT13920A,53
B01FWQGX4S,NT7264A,54
B097NN8XPZ,NT18172A,55
B00XHK8XPY,NT1751A,56
B06X9GX83H,NT1583A,57
B00ZFOTDOA,SD9431,58
B0CKBZCLN8,NT16243,59
B07CC2K7BW,NT13201,60
B0BXFTT9JS,NT19722A,61
B00XRPTKQA,NT1851A,62
B06XH2RVGM,NT4433,63
B08PMMZZBL,NT16303A,64
B0BS5BMQS8,SD2900A,65
B0DDR1HS18,NT15671,66
B07X5CVL7J,NT1305A,67
B09TTSC5QV,NT12490A,68
B0CQ5J3T7D,SD2841,69
B0CSH4L1DZ,NT24531,70
B0C264PW8W,NT19760,71
B0773G3PX5,NT5460A,72
B08YZBW41C,NT17321,73
B09HVD48HF,NT14531A,74
B07X5B1NMX,NT5511A,75
B0C87D32NL,NT14361,76
B00XHKAL18,NT2101A,77
B00ZFOSATO,SD4900,78
B00XHK9BSC,NT505,79
B0CFBB89MS,NT797,80
B07X5BJ47X,NT3260X,81
B0CNS3W724,SD19763,82
B00XHK8QW4,NT3765A,83
B07X49WGGV,NT1170A,84
B0BZWRGD67,SD17140A,85
B09TTSWY94,NT5961,86
B08YRRGMGP,SD1511,87
B00XHK8RJG,NT3875A,88
B00XHK9YIY,NT731A,89
B0BXFTTG3P,NT6653A,90
B071ZBNJPL,SD1640A,91
B08PW67DRS,NT16891A,92
B07WK7Z3Q6,NT1130A,93
B09TTT4QGY,NT14150A,94
B07X27LK83,NT1420A,95
B01B30B5TA,SD1850,96
B01J4JPK20,NT1370,97
B0CPB34YZV,NT1660,98
B00XHKA6A4,NT2731A,99
B01B30BGZ8,SD4930,100
B011NLPIQU,SD3931,101
B07C33D83Y,NT13101,102
B097NNZ9QC,NT18171A,103
B0CV4K7L6J,SD18171,104
B01G499UWO,NT7051A,105
B0CNS3K2Z7,SD18207,106
B011NLOBWM,SD2840,107
B00ZFOSYAE,SD914,108
B011NLPVAS,SD900,109
B0C34DSXLX,NT30192,110
B01G7QEU1U,NT1157,111
B078X1SZYM,NT12281A,112
B01FWP0GI8,NT1223,113
B07X49MPG3,NT8601A,114
B0CVNK2ZMW,SD15671,115
B09TTPX1HS,NT18162,116
B0D368WDG6,SD1050,117
B0CZ4G95NM,SD15510,118
B011NLMY0I,SD1223,119
B011NLOQQ8,SD3693,120
B0DJ9B6PLJ,SD11152,121
B00XHKBTXC,NT5035A,122
B08PM9S69V,NT16122A,123
B07X276L81,NT2633,124
B00XHK8OXU,NT3960A,125
B0867GDS47,NT15702A,126
B011NLMSTK,SD1153,127
B00XHKBUEA,NT4470A,128
B07X5F3XGG,NT1617,129
B0C5P2VPH9,NT13205,130
B0CSH53JVR,SD16102,131
B0CNS3YNBZ,SD4166,132
B011NLMV88,SD1130,133
B0CNS38V72,SD14502,134
B07C35B5YR,NT1780A,135
B08PW6SYRN,NT16901A,136
B0CKC2P21H,NT19032,137
B06XQ853NS,NT11151A,138
B06X9HQ1ZR,NT11391A,139
B09TTRW7F3,NT18621,140
B06X9FTLTS,NT11071A,141
B0167CLOUE,NT2981A,142
B00XHKC350,NT7390A,143
B0DHVZJC8C,SD16583,144
B0867JDV2Z,NT3850,145
B0DJ97YFG4,SD11112,146
B076PR89S2,SD11221,147
B011NLOD0C,SD2060,148
B01B30B64Y,SD3180,149
B074ZQJNCD,SD2423,150
B0DNNFJY8J,SD30184,151
B011NLPJAU,SD4160,152
B0BS54JT9N,SD4236,153
B072PT5XY2,NT11680A,154
B0CSH9FLN6,SD16300,155
B0CSH5XQ58,SD116,156
B011NLOCMG,SD1910,157
B0BS566X75,SD1642A,158
B06XPX1JH2,NT7571A,159
B076KP7PJ7,SD11290,160
B0CNS5P8Z8,SD18137,161
B08Z1L2HG3,NT17341,162
B09TTPV5KY,NT8411A,163
B07X27JHQ8,NT4030,164
B0CXQ5DTMR,SD15520,165
B011NLOBS6,SD2030,166
B00XHKBV5S,NT9430,167
B0D23QYXX7,NT24241,168
B011NLPVSA,SD9971,169
B00XHK9AKG,NT8440A,170
B0744YD2P2,SD11120,171
B0BSXTVR61,NT19781A,172
B0CT67GKSN,SD16930,173
B06W56BTBD,NT39168A,174
B00ZFORB62,SD100,175
B011NLNBUA,SD1585,176
B011NLPY5U,SD9982,177
B07H7TK3DS,NT917A,178
B08YKDXKRJ,SD7265,179
B00XHK9BSC,NT505A,180
B00XHKA5Y6,NT2690A,181
B00XHKAD02,NT1970,182
B00XHKBEKU,NT2335,183
B00XHKBL7Q,NT960,184
B00XHKBM1G,NT941,185
B00XHKBV3K,NT8521,186
B00XHKC1WK,NT4161A,187
B00XHKC292,NT4235A,188
B00XHKC2GK,NT39182A,189
B00XHKCA94,NT3990A,190
B00ZFOSADK,SD7390A,191
B00ZFOTEI0,SD920,192
B011NLOCE4,SD1660,193
B01G4G72AO,NT6950,194
B06X9DVC6Q,NT9230A,195
B06X9GL648,NT11010A,196
B06X9HKW4W,NT900A,197
B06X9HMMMV,NT113A,198
B06XQ56GL1,NT11111A,199
B0719R3DMC,NT1025,200
B072MPD4SZ,SD11160A,201
B07C2S6DR5,NT12971,202
B07C35JXMD,NT12481,203
B07QM9X6QL,NT1231A,204
B07QT9W7W2,NT901A,205
B07SD8X7TH,NT1271A,206
B07WHZPHX5,NT1665A,207
B07X376X4W,NT1721,208
B07X4B8X66,NT821A,209
B07X4BCTCD,NT1911,210
B07X593WSQ,NT1300A,211
B07X59YFN2,NT7101A,212
B07X5B1NMX,NT5511,213
B08467WS27,PN15711,214
B08F2SK15N,NT16321A,215
B08HX8DPD1,SD1030,216
B08Z1C52LG,NT17351A,217
B0BJ7RFKZ9,NT18931,218
B0BN2BRYQS,NT17147,219
B0BNLSS1SR,NT12381,220
B0BZT4G8GL,SD932,221
B0C262CDN8,NT19513,222
B0C3WP79BH,NT30731,223
B0C5JV2G69,NT10266,224
B0CBSYVT82,NT12312,225
B0CCSP54JL,NT14508,226
B0CFBD2CRP,NT3543,227
B0CLM89KKC,NT14507,228
B0CNS3FFZX,SD16242,229
B0CSHCR13Q,SD5030,230
B0CZF5VXFZ,NT24492,231
B0CZMGHK28,SD11391,232
B0CZXZ5GRF,NT24213,233
B0D1CR3CRS,NT19433,234
B0D7WG5F8L,NT5523A,235
B0DDCPCN3V,NT25121,236
B0DJDHM8D8,NT8608,237
B0F49DN145,NT19515,238
